IA_Name,Mode,Action,TargetType,TargetId,Detail
IA-0000150352,ModeB,SKIP,,,primary location not pending or no Primary/Practice address
IA-0000151978,ModeB,SET_ADDRESS_PENDING,Address,130UW00000MMyRnYAL,Meltzer Eye Care(675 US HIGHWAY 1 SOUTH GILL LANE-7444)
IA-0000023328,ModeA,PROMOTE_LOCATION,HCPF,0bSUW0000005vS32AI,Hunterdon Family Medicine Atyour Doctors Care(71 Us Highway 206-1887)
IA-0000151956,ModeA,PROMOTE_LOCATION,HCPF,0bSUW00000061pe2AA,Barnabas Health Medical Group North (888 Lyons Ave-7852)
IA-0000151911,ModeA,PROMOTE_LOCATION,HCPF,0bSUW0000006mQ12AI,Childrens Surgical Associates of NJ (101 Plainsboro Rd Test-1717)
IA-0000151720,ModeA,PROMOTE_LOCATION,HCPF,0bSUW0000006qPi2AI,Passaic Hospitalist Services LLC(703 Main St-2000)
IA-0000021064,ModeA,PROMOTE_LOCATION,HCPF,0bSUW00000071Sc2AI,Connolly Dermatology Delaware LLc(118 Atlantic Ave Ste 301-9900)
IA-0000150300,ModeA,PROMOTE_LOCATION,HCPF,0bSUW0000007D6r2AE,Personic Health Care LLC(1250 BALTIMORE PIKE-0254)
IA-0000011362,ModeA,PROMOTE_LOCATION,HCPF,0bSUW0000008in32AA,Hackettstown Emergency Medical Associates LLC(651 Willow Grove St-5100)
IA-0000012112,ModeA,PROMOTE_LOCATION,HCPF,0bSUW0000008oME2AY,MAIN LINE HLTHCR(100 E Lancaster Ave-4286)
IA-0000012649,ModeA,PROMOTE_LOCATION,HCPF,0bSUW0000008x4X2AQ,Anesti Plus Anesthesia (123 W GERMANTOWN PIKE SUITE 2-7456)
IA-0000015095,ModeA,PROMOTE_LOCATION,HCPF,0bSUW0000009X812AE,Haddon Emergency Physicians(1600 Haddon Ave-3803)
IA-0000015115,ModeA,SKIP,,,ambiguous: 3 locations, 3 usable - primary is a business decision
IA-0000015122,ModeA,SKIP,,,ambiguous: 3 locations, 3 usable - primary is a business decision
IA-0000015968,ModeA,PROMOTE_LOCATION,HCPF,0bSUW0000009grF2AQ,RWJBH Observation Associates LLC(99 Route 37 W-8988)
IA-0000016172,ModeA,PROMOTE_LOCATION,HCPF,0bSUW0000009krd2AA,Morristown Emergency Medical Associates LLC(100 Madison Ave-5000)
IA-0000021009,ModeA,PROMOTE_LOCATION,HCPF,0bSUW000000AsQX2A0,EYE ASSOCIATES OF RICHBORO (1820 Bridgetown Pike-5818)
IA-0000023949,ModeA,SKIP,,,ambiguous: 3 locations, 3 usable - primary is a business decision
IA-0000022739,ModeA,SKIP,,,ambiguous: 16 locations, 16 usable - primary is a business decision
IA-0000022756,ModeA,PROMOTE_LOCATION,HCPF,0bSUW000000B4Ms2AK,Barnabas Health Medical Group North (201 Lyons Ave # L4-7205)
IA-0000152094,ModeA,PROMOTE_LOCATION,HCPF,0bSUW000000B4xx2AC,Hospitalist Medicine Physicians of Pennsylvania PC (559 W Germantown Pike-1000)
IA-0000023072,ModeA,SKIP,,,ambiguous: 2 locations, 2 usable - primary is a business decision
IA-0000023823,ModeA,PROMOTE_LOCATION,HCPF,0bSUW000000BHK52AO,MLHC Primary Care King Of Prussia (120 Valley Green Ln Ste 510-7100)
IA-0000023824,ModeA,PROMOTE_LOCATION,HCPF,0bSUW000000BHLh2AO,MLHC Internal Medicine in Lawrence Park (1991 Sproul Rd Ste 140-0309)
IA-0000076311,ModeB,SET_ADDRESS_PENDING,Address,130UW00000MMvHgYAL,MYDOC URGENT CARE(1420 Locust St Unit R1A-1909)
IA-0000024698,ModeA,SKIP,,,ambiguous: 2 locations, 2 usable - primary is a business decision
IA-0000078880,ModeB,SET_ADDRESS_PENDING,Address,130UW00000V780dYAB,HMHMG Specialty Care (1945 Route 33-4949)
IA-0000025739,ModeA,PROMOTE_LOCATION,HCPF,0bSUW000000BiAb2AK,Speech Language Associates (1015 Briggs Rd-1355)
IA-0000030425,ModeA,PROMOTE_LOCATION,HCPF,0bSUW000000Cr6z2AC,ATI Physical Therapy(44 W Skippack Pike-4284)
IA-0000082913,ModeA,PROMOTE_LOCATION,HCPF,0bSUW000000Cwpp2AC,Well Integrated Health Services (2300 Route 9 N Ste EF-2570)
IA-0000032223,ModeA,SKIP,,,ambiguous: 2 locations, 2 usable - primary is a business decision
IA-0000033480,ModeA,SKIP,,,ambiguous: 2 locations, 2 usable - primary is a business decision
IA-0000081066,ModeB,SET_ADDRESS_PENDING,Address,130UW00000YvazGYAR,AtlantiCare Physician Group PA (3131 Route 38-8700)
IA-0000039986,ModeA,PROMOTE_LOCATION,HCPF,0bSUW000000EqbS2AS,The Medical Group(222 High St Ste 102-2100)
IA-0000082507,ModeB,SET_ADDRESS_PENDING,Address,130UW00000a7Y54YAE,PM Pediatrics of Livingston (990 Cedarbridge Ave A01 A-5437)
IA-0000114731,ModeB,SET_ADDRESS_PENDING,Address,130UW00000UbbCDYAZ,MOTIONFIT THERAPEUTICS INC (4304 Riverside Station Blvd-2421)
IA-0000082943,ModeA,PROMOTE_LOCATION,HCPF,0bSUW000000FuUv2AK,Medical Group Of New Jersey(2 Memorial Dr-8350)
IA-0000118537,ModeB,SET_ADDRESS_PENDING,Address,130UW00000VcveXYAR,Allied Digestive Health, LLC (1374 Whitehorse Hamilton Square Rd-1319)
IA-0000116440,ModeB,SET_ADDRESS_PENDING,Address,130UW00000Vv3dfYAB,University Physicians Associates (140 Bergen St ACC Level F-1880)
IA-0000116470,ModeB,SET_ADDRESS_PENDING,Address,130UW00000Vr4GYYAZ,University Physicians Associates (140 Bergen St ACC Level C-1813)
IA-0000114461,ModeB,SET_ADDRESS_PENDING,Address,130UW00000a4Y81YAE,University Neurological Associates (140 BERGEN STREET LEVEL G-9000)
IA-0000116462,ModeB,SET_ADDRESS_PENDING,Address,130UW00000Vv4MpYAJ,University Physicians Associates (140 Bergen St Level D Rm 1650-7218)
IA-0000116451,ModeB,SET_ADDRESS_PENDING,Address,130UW00000VvW4XYAV,University Physicians Associates (150 Bergen Street I-248-6056)
IA-0000116505,ModeB,SET_ADDRESS_PENDING,Address,130UW00000a4Y81YAE,University Neurological Associates (140 BERGEN STREET LEVEL G-9000)
IA-0000109946,ModeB,SET_ADDRESS_PENDING,Address,130UW00000MMsRQYA1,Riverside Medical Group(195 Cortlandt St-1221)
IA-0000115390,ModeA,PROMOTE_LOCATION,HCPF,0bSUW000000GssT2AS,College Heights Endoscopy Ctr(3147 College Heights Blvd-0499)
IA-0000052252,ModeA,PROMOTE_LOCATION,HCPF,0bSUW000000HSG12AO,RWJBH Observation Associates LLC (201 Lyons Ave-7000)
IA-0000091040,ModeB,SKIP,,,primary location not pending or no Primary/Practice address
IA-0000056332,ModeB,SET_ADDRESS_PENDING,Address,130UW00000Vv3dfYAB,University Physicians Associates (140 Bergen St ACC Level F-1880)
IA-0000056336,ModeA,PROMOTE_LOCATION,HCPF,0bSUW000000ICp72AG,University Physicians Associates (90 BERGEN STREET-2573)
IA-0000108031,ModeB,SKIP,,,primary location not pending or no Primary/Practice address
IA-0000022216,ModeA,PROMOTE_LOCATION,HCPF,0bSUW000000Id1J2AS,Lifebulb LLC (505 Main St-0127)
IA-0000061003,ModeA,PROMOTE_LOCATION,HCPF,0bSUW000000IedJ2AS,Curalta Medical LLC (67 Broadway Ste 1ST-3223)
IA-0000061004,ModeA,PROMOTE_LOCATION,HCPF,0bSUW000000Ieev2AC,Rutgers Health RWJ Cardiology (1 Robert Wood Johnson Pl-3000)
IA-0000061004,ModeA,SET_ADDRESS_PENDING,Address,130UW00000MMz4tYAD,single pending location
IA-0000061004,ModeA,SET_ADDRESS_PENDING,Address,130UW00000ZRTMkYAP,single pending location
IA-0000061006,ModeA,PROMOTE_LOCATION,HCPF,0bSUW000000IegX2AS,CHCA General Pediatrics (1648 Huntingdon Pike-2164)
IA-0000061021,ModeA,PROMOTE_LOCATION,HCPF,0bSUW000000Iev32AC,Strive Physical Therapy Specialist LLC (243 Us Highway 130 Ste 120-5420)
IA-0000065286,ModeA,PROMOTE_LOCATION,HCPF,0bSUW000000Iydd2AC,GARDEN STATE HEALTHCARE ASSOCIATES, LLC (111 Madison Ave, Suite 400-2690)
IA-0000101389,ModeB,SET_ADDRESS_PENDING,Address,130UW00000Y0MoGYAV,St Lukes Cancer Care Associates (240 Cetronia Rd-7000)
IA-0000106868,ModeB,SET_ADDRESS_PENDING,Address,130UW00000YSKcwYAH,Wright Choice Therapy LLC (Rte 38 So.-1504)
IA-0000079490,ModeA,PROMOTE_LOCATION,HCPF,0bSUW000000Ri9p2AC,Atlantic Medical Group(89 Sparta Ave Ste 220-4142)
IA-0000152095,ModeB,SET_ADDRESS_PENDING,Address,130UW00000Z16vGYAR,A Brighter Tomorrow Counseling (8 Emerald Ct-9024)
IA-0000085317,ModeA,SKIP,,,ambiguous: 2 locations, 2 usable - primary is a business decision
IA-0000086650,ModeA,SKIP,,,ambiguous: 2 locations, 2 usable - primary is a business decision
IA-0000089065,ModeA,SKIP,,,ambiguous: 2 locations, 2 usable - primary is a business decision
IA-0000089209,ModeA,PROMOTE_LOCATION,HCPF,0bSUW000000M7Z72AK,Hospitalists Pottstown Tower Health Medical Group(1600 E High St-7000)
IA-0000090843,ModeA,SKIP,,,ambiguous: 2 locations, 2 usable - primary is a business decision
IA-0000083177,ModeA,SKIP,,,ambiguous: 2 locations, 2 usable - primary is a business decision
IA-0000092309,ModeB,SET_ADDRESS_PENDING,Address,130UW00000Vr4GYYAZ,University Physicians Associates (140 Bergen St ACC Level C-1813)
IA-0000096122,ModeA,PROMOTE_LOCATION,HCPF,0bSUW000000NLer2AG,Hospitalists Reading Tower Health Medical Group(420 S 5th Ave-8000)
IA-0000101959,ModeB,SET_ADDRESS_PENDING,Address,130UW00000QliRAYAZ,DPV Consultants PA(68 Brooks Ave-5459)
IA-0000101959,ModeB,SET_ADDRESS_PENDING,Address,130UW00000SGAuXYAX,DPV Consultants PA(68 Brooks Ave-5459)
IA-0000151848,ModeA,PROMOTE_LOCATION,HCPF,0bSUW000000PEW12AO,Anesthesia Services Pa(4755 Ogletown Stanton Rd-1000)
IA-0000106685,ModeB,SET_ADDRESS_PENDING,Address,130UW00000bOVF3YAO,GIVING HOPES LLC (33 W Franklin St Ste 100-8875)
IA-0000107947,ModeA,PROMOTE_LOCATION,HCPF,0bSUW000000Pj8P2AS,AtlantiCare Urgent Care Center (912 W Bay Ave-5660)
IA-0000114989,ModeA,SKIP,,,ambiguous: 4 locations, 4 usable - primary is a business decision
IA-0000121416,ModeA,PROMOTE_LOCATION,HCPF,0bSUW000000RHRN2A4,Ultracare Anesthesia Partners(9500 Roosevelt Blvd-5872)
IA-0000118684,ModeA,PROMOTE_LOCATION,HCPF,0bSUW000000RgG52AK,Akumin Andorra(8305 Ridge Ave-4800)
IA-0000120781,ModeB,SET_ADDRESS_PENDING,Address,130UW00000WygjVYAR,Thriveworks (7 LINCOLN HWY-0057)
IA-0000120665,ModeA,SKIP,,,ambiguous: 3 locations, 3 usable - primary is a business decision
IA-0000121681,ModeA,PROMOTE_LOCATION,HCPF,0bSUW000000S9px2AC,RWJBH Emergency Medical Associates (201 Lyons Ave-7000)
IA-0000122017,ModeA,PROMOTE_LOCATION,HCPF,0bSUW000000SGJZ2A4,Planned Parenthood Of Metro (29 North Fullerton Ave-7116)
IA-0000122710,ModeB,SET_ADDRESS_PENDING,Address,130UW00000d6u5tYAA,NATIONAL MENTOR HEALTHCARE LLC dba PENNSYLVANIA MENTOR (3450 High Point Blvd Ste 160-3173)
IA-0000023643,ModeA,SKIP,,,ambiguous: 2 locations, 2 usable - primary is a business decision
IA-0000122989,ModeA,SKIP,,,ambiguous: 5 locations, 5 usable - primary is a business decision
IA-0000123793,ModeA,SKIP,,,ambiguous: 2 locations, 2 usable - primary is a business decision
IA-0000124112,ModeB,SET_ADDRESS_PENDING,Address,130UW00000dGM7lYAG,Forge Medical Group, LLC (920 Town Center Dr-7600)
IA-0000124524,ModeB,SET_ADDRESS_PENDING,Address,130UW00000aESAzYAO,Isaac Health PC (377 Valley Rd # 1301-2059)
IA-0000120879,ModeA,PROMOTE_LOCATION,HCPF,0bSUW000000TEcH2AW,FAM Rehabilitation (4 E Jimmie Leeds Rd Ste 10-7901)
IA-0000126192,ModeA,PROMOTE_LOCATION,HCPF,0bSUW000000TMl72AG,Rutgers Health RWJ Pediatric G I (89 French St-8028)
IA-0000126987,ModeB,SET_ADDRESS_PENDING,Address,130UW00000VpUTdYAN,SM Counseling and Consulting (3714 Midvale Ave-0061)
IA-0000127178,ModeB,SET_ADDRESS_PENDING,Address,130UW00000YHn3xYAD,Curious Roots Wellness, LLC (31 N Front St-3543)
IA-0000127462,ModeA,PROMOTE_LOCATION,HCPF,0bSUW000000Th812AC,Christiana Care Pennsylvania Inc (900 W BALTIMORE PIKE SUITE 102-3088)
IA-0000123320,ModeA,PROMOTE_LOCATION,HCPF,0bSUW000000TpS92AK,RWJBH Emergency Medicine Associates, LLC (300 2nd Ave-5200)
IA-0000128902,ModeA,PROMOTE_LOCATION,HCPF,0bSUW000000Tu6r2AC,INTENSIVISTS AT TOMS RIVER LLC (1 Hamilton Health Pl-7900)
IA-0000128983,ModeA,PROMOTE_LOCATION,HCPF,0bSUW000000TvsX2AS,Audiology Services Company USA(40 Stirling Rd Ste 206B-5227)
IA-0000129854,ModeA,PROMOTE_LOCATION,HCPF,0bSUW000000UBin2AG,Central Jersey Urgent Care LLC(1325 Us Highway 206-2300)
IA-0000129927,ModeA,PROMOTE_LOCATION,HCPF,0bSUW000000UCoY2AW,Radiology Affiliates of Central New Jersey, P C (1648 Huntingdon Pike-3000)
IA-0000130463,ModeB,SET_ADDRESS_PENDING,Address,130UW00000Yu1U7YAJ,MPV New Jersey MD Services, P.C. (10 Forest Ave Ste 220-7690)
IA-0000131122,ModeA,SKIP,,,ambiguous: 2 locations, 2 usable - primary is a business decision
IA-0000132242,ModeB,SET_ADDRESS_PENDING,Address,130UW00000ci9rKYAQ,Eleanor Health Professional TX, PLLC (2 Bala Plz Ste 300-1107)
IA-0000132500,ModeB,SET_ADDRESS_PENDING,Address,130UW00000YmQELYA3,HMHMG Specialty Care (595 Shrewsbury Ave Ste 102-5200)
IA-0000132619,ModeB,SET_ADDRESS_PENDING,Address,130UW00000bj93RYAQ,Hackensack Meridian Medical Group One Medical PC (371 Warren St-6331)
IA-0000134007,ModeB,SET_ADDRESS_PENDING,Address,130UW00000VKrCnYAL,RWJBH Observation Associates, LLC (94 Old Short Hills Rd-5000)
IA-0000119168,ModeB,SET_ADDRESS_PENDING,Address,130UW00000avtJBYAY,WHOLEHEARTED HEALING COLLECTIVE LLC (1049 Broadway Ste 2-3747)
IA-0000134021,ModeA,PROMOTE_LOCATION,HCPF,0bSUW000000V3JN2A0,PENNDEL MNTL HLTH CTR (2080 Cabot Blvd W STE 100-2359)
IA-0000126960,ModeA,SKIP,,,ambiguous: 2 locations, 2 usable - primary is a business decision
IA-0000134739,ModeB,SET_ADDRESS_PENDING,Address,130UW00000YSeRxYAL,QUADRANT PA VIRTUAL CARE PC (225 Wilmington W Chester Pike-8595)
IA-0000135167,ModeB,SET_ADDRESS_PENDING,Address,130UW00000WiK5SYAV,RWJBH Observation Associates, LLC (1 Hamilton Health Pl-7900)
IA-0000135693,ModeB,SET_ADDRESS_PENDING,Address,130UW00000Ym8JpYAJ,HMHMG Primary Care (1945 ROUTE 33-2914)
IA-0000135997,ModeB,SET_ADDRESS_PENDING,Address,130UW00000d7FIPYA2,Creating Anchors Counseling (117 Main St PO 542-3831)
IA-0000137780,ModeB,SET_ADDRESS_PENDING,Address,130UW00000MMygqYAD,Professional Therapy Associates(2557 Hooper Ave-3711)
IA-0000138057,ModeA,PROMOTE_LOCATION,HCPF,0bSUW000000ViZR2A0,Integrated Wound Specialists of Elizabeth, LLC (2211 Chapel Ave W Ste 404-5010)
IA-0000138057,ModeA,SET_ADDRESS_PENDING,Address,130UW00000XafXwYAJ,single pending location
IA-0000138945,ModeA,PROMOTE_LOCATION,HCPF,0bSUW000000Vsyb2AC,RWJBH Observation Associates LLC (1 CLARA MAASS DR-2000)
IA-0000133506,ModeB,SET_ADDRESS_PENDING,Address,130UW00000QRyQvYAL,EYE CENTERS OF AMERICA LLC (89 N Maple Ave Ste 5-1991)
IA-0000139924,ModeB,SET_ADDRESS_PENDING,Address,130UW00000cqZqDYAU,BSH Health PA (1001 S Bradford St Ste 3-5066)
IA-0000139982,ModeB,SET_ADDRESS_PENDING,Address,130UW00000VKrCnYAL,RWJBH Observation Associates, LLC (94 Old Short Hills Rd-5000)
IA-0000139992,ModeB,SET_ADDRESS_PENDING,Address,130UW00000eaHEbYAM,Author Health Professionals, PC (1100 Ludlow St STE 2134-4400)
IA-0000140139,ModeB,SET_ADDRESS_PENDING,Address,130UW00000dGK9BYAW,Barnabas Health Medical Group PC (101 Prospect St Ste 214-8604)
IA-0000143869,ModeA,PROMOTE_LOCATION,HCPF,0bSUW000000WDdF2AW,Hopewell Psychology LLC (1999 Sproul Rd Ste 23-0000)
IA-0000141538,ModeB,SET_ADDRESS_PENDING,Address,130UW00000VKrCnYAL,RWJBH Observation Associates, LLC (94 Old Short Hills Rd-5000)
IA-0000141614,ModeB,SET_ADDRESS_PENDING,Address,130UW00000Ym8JpYAJ,HMHMG Primary Care (1945 ROUTE 33-2914)
IA-0000141829,ModeA,SKIP,,,ambiguous: 2 locations, 2 usable - primary is a business decision
IA-0000142127,ModeB,SET_ADDRESS_PENDING,Address,130UW00000eaHEbYAM,Author Health Professionals, PC (1100 Ludlow St STE 2134-4400)
IA-0000142129,ModeB,SET_ADDRESS_PENDING,Address,130UW00000YSeRxYAL,QUADRANT PA VIRTUAL CARE PC (225 Wilmington W Chester Pike-8595)
IA-0000142648,ModeB,SET_ADDRESS_PENDING,Address,130UW00000ap8hxYAA,ESSENTIAL DIAGNOSTICS, P.A. (8 Forrestal Rd S-0657)
IA-0000142867,ModeB,SET_ADDRESS_PENDING,Address,130UW00000cpvKvYAI,Personal NP Services (685 RIVER AVENUE-7373)
IA-0000142982,ModeB,SET_ADDRESS_PENDING,Address,130UW00000Z5ea9YAB,ThriveWell Health Co. (3228 N 20th St-7567)
IA-0000143754,ModeB,SET_ADDRESS_PENDING,Address,130UW00000YmQELYA3,HMHMG Specialty Care (595 Shrewsbury Ave Ste 102-5200)
IA-0000143766,ModeA,PROMOTE_LOCATION,HCPF,0bSUW000000Wl732AC,Parkway Anesthesia Associates (254 Easton Ave-8600)
IA-0000143897,ModeB,SET_ADDRESS_PENDING,Address,130UW00000RiFNCYA3,Hackensack Meridian Health Medical Group Specialty Care, PC (1945 State Route 33-2342)
IA-0000144196,ModeB,SET_ADDRESS_PENDING,Address,130UW00000a2izVYAQ,MJ Acupuncture (275 Dekalb Pike Ste 103-2000)
IA-0000144310,ModeA,SKIP,,,ambiguous: 2 locations, 2 usable - primary is a business decision
IA-0000144335,ModeA,PROMOTE_LOCATION,HCPF,0bSUW000000WvWD2A0,Hopewell Psychology King of Prussia (1150 1st Ave Ste 910-0000)
IA-0000144336,ModeB,SET_ADDRESS_PENDING,Address,130UW00000ctd66YAA,NATIONAL MENTOR HEALTHCARE LLC dba PENNSYLVANIA MENTOR (450 Parkway Drive Suite 204-5332)
IA-0000144545,ModeB,SET_ADDRESS_PENDING,Address,130UW00000dGM7lYAG,Forge Medical Group, LLC (920 Town Center Dr-7600)
IA-0000144658,ModeB,SET_ADDRESS_PENDING,Address,130UW00000dGM7lYAG,Forge Medical Group, LLC (920 Town Center Dr-7600)
IA-0000144674,ModeB,SET_ADDRESS_PENDING,Address,130UW00000dGM7lYAG,Forge Medical Group, LLC (920 Town Center Dr-7600)
IA-0000144773,ModeB,SET_ADDRESS_PENDING,Address,130UW00000RiFNCYA3,Hackensack Meridian Health Medical Group Specialty Care, PC (1945 State Route 33-2342)
IA-0000144782,ModeB,SET_ADDRESS_PENDING,Address,130UW00000Ofei1YAB,St. Luke's Internal Medicine Warren (185 Roseberry St-6643)
IA-0000144804,ModeB,SET_ADDRESS_PENDING,Address,130UW00000RiFNCYA3,Hackensack Meridian Health Medical Group Specialty Care, PC (1945 State Route 33-2342)
IA-0000144807,ModeA,PROMOTE_LOCATION,HCPF,0bSUW000000X0Z72AK,St Josephs Physicians Healthcare Group Inc (468 Parish Dr Ste 2-5667)
IA-0000144876,ModeA,PROMOTE_LOCATION,HCPF,0bSUW000000X1zp2AC,Temple Faculty Emergency Medicine Associates(100 E Lehigh Ave-4000)
IA-0000144883,ModeB,SET_ADDRESS_PENDING,Address,130UW00000c86K5YAI,Soar Medical Services PLLC (1700 Market St Ste 1005-2517)
IA-0000145410,ModeB,SET_ADDRESS_PENDING,Address,130UW00000RiFNCYA3,Hackensack Meridian Health Medical Group Specialty Care, PC (1945 State Route 33-2342)
IA-0000145561,ModeB,SET_ADDRESS_PENDING,Address,130UW00000YELLxYAP,St. Joseph's Medical Group, PC (703 Main St-2000)
IA-0000145607,ModeA,PROMOTE_LOCATION,HCPF,0bSUW000000XG612AG,Hopewell Psychology King of Prussia (1150 1st Ave Ste 910-0000)
IA-0000145646,ModeB,SET_ADDRESS_PENDING,Address,130UW00000RiFNCYA3,Hackensack Meridian Health Medical Group Specialty Care, PC (1945 State Route 33-2342)
IA-0000145964,ModeA,SKIP,,,ambiguous: 2 locations, 2 usable - primary is a business decision
IA-0000145974,ModeB,SET_ADDRESS_PENDING,Address,130UW00000RiFNCYA3,Hackensack Meridian Health Medical Group Specialty Care, PC (1945 State Route 33-2342)
IA-0000146032,ModeB,SET_ADDRESS_PENDING,Address,130UW00000eaHEbYAM,Author Health Professionals, PC (1100 Ludlow St STE 2134-4400)
IA-0000146126,ModeB,SET_ADDRESS_PENDING,Address,130UW00000XwE9FYAV,Bobby Green Medical PC (820 Bear Tavern Rd-8484)
IA-0000146152,ModeB,SET_ADDRESS_PENDING,Address,130UW00000XwE9FYAV,Bobby Green Medical PC (820 Bear Tavern Rd-8484)
IA-0000146154,ModeB,SET_ADDRESS_PENDING,Address,130UW00000YELLxYAP,St. Joseph's Medical Group, PC (703 Main St-2000)
IA-0000146156,ModeB,SET_ADDRESS_PENDING,Address,130UW00000XwE9FYAV,Bobby Green Medical PC (820 Bear Tavern Rd-8484)
IA-0000146158,ModeB,SET_ADDRESS_PENDING,Address,130UW00000XwE9FYAV,Bobby Green Medical PC (820 Bear Tavern Rd-8484)
IA-0000146212,ModeB,SET_ADDRESS_PENDING,Address,130UW00000XwE9FYAV,Bobby Green Medical PC (820 Bear Tavern Rd-8484)
IA-0000146213,ModeB,SET_ADDRESS_PENDING,Address,130UW00000XwE9FYAV,Bobby Green Medical PC (820 Bear Tavern Rd-8484)
IA-0000146216,ModeB,SET_ADDRESS_PENDING,Address,130UW00000XwE9FYAV,Bobby Green Medical PC (820 Bear Tavern Rd-8484)
IA-0000146217,ModeB,SET_ADDRESS_PENDING,Address,130UW00000XwE9FYAV,Bobby Green Medical PC (820 Bear Tavern Rd-8484)
IA-0000146220,ModeB,SET_ADDRESS_PENDING,Address,130UW00000XwE9FYAV,Bobby Green Medical PC (820 Bear Tavern Rd-8484)
IA-0000146224,ModeB,SET_ADDRESS_PENDING,Address,130UW00000XwE9FYAV,Bobby Green Medical PC (820 Bear Tavern Rd-8484)
IA-0000146278,ModeB,SET_ADDRESS_PENDING,Address,130UW00000XwE9FYAV,Bobby Green Medical PC (820 Bear Tavern Rd-8484)
IA-0000146281,ModeB,SET_ADDRESS_PENDING,Address,130UW00000XwE9FYAV,Bobby Green Medical PC (820 Bear Tavern Rd-8484)
IA-0000146286,ModeB,SET_ADDRESS_PENDING,Address,130UW00000XwE9FYAV,Bobby Green Medical PC (820 Bear Tavern Rd-8484)
IA-0000146874,ModeB,SET_ADDRESS_PENDING,Address,130UW00000XwE9FYAV,Bobby Green Medical PC (820 Bear Tavern Rd-8484)
IA-0000147011,ModeA,SKIP,,,ambiguous: 2 locations, 2 usable - primary is a business decision
IA-0000147026,ModeB,SET_ADDRESS_PENDING,Address,130UW00000bj93RYAQ,Hackensack Meridian Medical Group One Medical PC (371 Warren St-6331)
IA-0000147041,ModeB,SET_ADDRESS_PENDING,Address,130UW00000YELLxYAP,St. Joseph's Medical Group, PC (703 Main St-2000)
IA-0000147092,ModeA,SKIP,,,ambiguous: 2 locations, 2 usable - primary is a business decision
IA-0000147196,ModeB,SET_ADDRESS_PENDING,Address,130UW00000MMygqYAD,Professional Therapy Associates(2557 Hooper Ave-3711)
IA-0000147215,ModeB,SET_ADDRESS_PENDING,Address,130UW00000MMygqYAD,Professional Therapy Associates(2557 Hooper Ave-3711)
IA-0000147236,ModeB,SET_ADDRESS_PENDING,Address,130UW00000MMygqYAD,Professional Therapy Associates(2557 Hooper Ave-3711)
IA-0000147312,ModeA,PROMOTE_LOCATION,HCPF,0bSUW000000XZTd2AO,Allied Autism Grp (19 Glenview Dr-4576)
IA-0000147369,ModeB,SET_ADDRESS_PENDING,Address,130UW00000V780dYAB,HMHMG Specialty Care (1945 Route 33-4949)
IA-0000147386,ModeB,SET_ADDRESS_PENDING,Address,130UW00000MMygqYAD,Professional Therapy Associates(2557 Hooper Ave-3711)
IA-0000147407,ModeB,SET_ADDRESS_PENDING,Address,130UW00000MMygqYAD,Professional Therapy Associates(2557 Hooper Ave-3711)
IA-0000147414,ModeA,PROMOTE_LOCATION,HCPF,0bSUW000000Xbf72AC,Garden State Healthcare Assoc Llc(308 Willow Ave-1000)
IA-0000147416,ModeB,SET_ADDRESS_PENDING,Address,130UW00000WLObBYAX,Barnabas Health Medical Group, P.C. South (2177 Oak Tree Rd Ste 210-2100)
IA-0000147597,ModeB,SET_ADDRESS_PENDING,Address,130UW00000aESAzYAO,Isaac Health PC (377 Valley Rd # 1301-2059)
IA-0000147609,ModeB,SET_ADDRESS_PENDING,Address,130UW00000dm4pGYAQ,New Jersey Birdie Health, P.C. (4905 W Tilghman St. Suite 300-0060)
IA-0000147612,ModeB,SET_ADDRESS_PENDING,Address,130UW00000aESAzYAO,Isaac Health PC (377 Valley Rd # 1301-2059)
IA-0000147936,ModeB,SET_ADDRESS_PENDING,Address,130UW00000T8bT7YAJ,READY SET REHAB LLC (32 Howard St-5513)
IA-0000148061,ModeB,SET_ADDRESS_PENDING,Address,130UW00000MMygqYAD,Professional Therapy Associates(2557 Hooper Ave-3711)
IA-0000148111,ModeB,SET_ADDRESS_PENDING,Address,130UW00000MMygqYAD,Professional Therapy Associates(2557 Hooper Ave-3711)
IA-0000148133,ModeB,SET_ADDRESS_PENDING,Address,130UW00000T8bT7YAJ,READY SET REHAB LLC (32 Howard St-5513)
IA-0000148273,ModeB,SET_ADDRESS_PENDING,Address,130UW00000T8bT7YAJ,READY SET REHAB LLC (32 Howard St-5513)
IA-0000148330,ModeA,PROMOTE_LOCATION,HCPF,0bSUW000000Xo9J2AS,Orthopaedic Associates of Allentown (250 Cetronia Rd Ste 200-6200)
IA-0000148418,ModeB,SET_ADDRESS_PENDING,Address,130UW00000MMygqYAD,Professional Therapy Associates(2557 Hooper Ave-3711)
IA-0000148494,ModeB,SET_ADDRESS_PENDING,Address,130UW00000U2YsNYAV,HMHMG Specialty Care (425 Jack Martin Blvd-4854)
IA-0000148508,ModeB,SET_ADDRESS_PENDING,Address,130UW00000Ym8JpYAJ,HMHMG Primary Care (1945 ROUTE 33-2914)
IA-0000148541,ModeB,SET_ADDRESS_PENDING,Address,130UW00000MMygqYAD,Professional Therapy Associates(2557 Hooper Ave-3711)
IA-0000148582,ModeB,SET_ADDRESS_PENDING,Address,130UW00000MMygqYAD,Professional Therapy Associates(2557 Hooper Ave-3711)
IA-0000148586,ModeB,SET_ADDRESS_PENDING,Address,130UW00000YELLxYAP,St. Joseph's Medical Group, PC (703 Main St-2000)
IA-0000148656,ModeA,SKIP,,,ambiguous: 2 locations, 2 usable - primary is a business decision
IA-0000148719,ModeB,SET_ADDRESS_PENDING,Address,130UW00000V780dYAB,HMHMG Specialty Care (1945 Route 33-4949)
IA-0000148746,ModeA,PROMOTE_LOCATION,HCPF,0bSUW000000Xvqj2AC,FAIR MEDICAL SERVICES LLC(1760 Whitehorse Hamilton Square Rd Ste 1-8200)
IA-0000148760,ModeB,SET_ADDRESS_PENDING,Address,130UW00000SKOKbYAP,Tri-County Pediatrics Inc (1939 W Cheltenham Ave-5715)
IA-0000133477,ModeA,PROMOTE_LOCATION,HCPF,0bSUW000000XyS12AK,Oncology And Hematology Specialists LLC(333 Us Highway 46-1701)
IA-0000149042,ModeB,SET_ADDRESS_PENDING,Address,130UW00000SKOKbYAP,Tri-County Pediatrics Inc (1939 W Cheltenham Ave-5715)
IA-0000149121,ModeB,SET_ADDRESS_PENDING,Address,130UW00000SKOKbYAP,Tri-County Pediatrics Inc (1939 W Cheltenham Ave-5715)
IA-0000149124,ModeB,SET_ADDRESS_PENDING,Address,130UW00000SKOKbYAP,Tri-County Pediatrics Inc (1939 W Cheltenham Ave-5715)
IA-0000149168,ModeB,SET_ADDRESS_PENDING,Address,130UW00000YELLxYAP,St. Joseph's Medical Group, PC (703 Main St-2000)
IA-0000149947,ModeB,SET_ADDRESS_PENDING,Address,130UW00000d6u5tYAA,NATIONAL MENTOR HEALTHCARE LLC dba PENNSYLVANIA MENTOR (3450 High Point Blvd Ste 160-3173)
IA-0000149968,ModeB,SET_ADDRESS_PENDING,Address,130UW00000d6u5tYAA,NATIONAL MENTOR HEALTHCARE LLC dba PENNSYLVANIA MENTOR (3450 High Point Blvd Ste 160-3173)
IA-0000149975,ModeB,SET_ADDRESS_PENDING,Address,130UW00000WLUNIYA5,HMHMG Specialty Care (1945 Route 33-3600)
IA-0000150148,ModeB,SET_ADDRESS_PENDING,Address,130UW00000YELLxYAP,St. Joseph's Medical Group, PC (703 Main St-2000)
IA-0000150180,ModeB,SET_ADDRESS_PENDING,Address,130UW00000dIBHyYAO,HMHMG Specialty Care (30 Prospect Ave 1 Link, Room 1324-1333)
IA-0000150242,ModeB,SKIP,,,primary location not pending or no Primary/Practice address
IA-0000150649,ModeA,PROMOTE_LOCATION,HCPF,0bSVB000001CzOv2AK,Middlesex Emergency Physicians(80 James St-7601)
IA-0000150656,ModeA,PROMOTE_LOCATION,HCPF,0bSVB000001Czbp2AC,University Radiology Associates(30 Bergen St Ste 111-4908)
IA-0000151797,ModeA,PROMOTE_LOCATION,HCPF,0bSVB000001D5Cb2AK,Atlantic Emergency Assoc Hammonton Sed LLC(219 N White Horse Pike-3360)
IA-0000151838,ModeB,SET_ADDRESS_PENDING,Address,130UW00000dgNbFYAU,ABHITEJ SINGH SIDHU (400 W Blackwell St-3404)
IA-0000151926,ModeA,PROMOTE_LOCATION,HCPF,0bSVB000001D9xm2AC,Zarett Rehabilitation(1701 John F Kennedy Blvd Ste 301-8665)
IA-0000151934,ModeA,PROMOTE_LOCATION,HCPF,0bSVB000001DA102AG,A LINE MENTAL HEALTH SERVICES (210 E DERENNE AVE-5454)
IA-0000151957,ModeA,PROMOTE_LOCATION,HCPF,0bSVB000001DAPB2A4,Barnabas Health Medical Group North (1 Clara Maass Dr, Belleville, NJ, 07109-9471)
IA-0000152025,ModeA,PROMOTE_LOCATION,HCPF,0bSVB000001DBd02AG,A LINE MENTAL HEALTH SERVICES (888 Bond St-5656)
IA-0000152067,ModeA,SKIP,,,ambiguous: 2 locations, 2 usable - primary is a business decision
IA-0000152135,ModeA,PROMOTE_LOCATION,HCPF,0bSVB000001DCIw2AO,YOONJOO KIM MD(232 Broad Ave-0999)
IA-0000152106,ModeA,PROMOTE_LOCATION,HCPF,0bSVB000001DCqn2AG,Ear Nose Throat Specialists Pc (18 Singer Ct-8686)
IA-0000152107,ModeA,PROMOTE_LOCATION,HCPF,0bSVB000001DCsP2AW,Trauma Reading Tower Health Medical Group (196 Speedwell Ave-6865)
IA-0000152138,ModeA,PROMOTE_LOCATION,HCPF,0bSVB000001DDTV2A4,Priority Care Acupuncture (2100 Mack Blvd-6585)
IA-0000152179,ModeA,PROMOTE_LOCATION,HCPF,0bSVB000001DDen2AG,A HEALING TOUCH (2902 DURANES RD NW-3456)
IA-0000152181,ModeA,PROMOTE_LOCATION,HCPF,0bSVB000001DDi22AG,Speech Language Associates(1124 Patriot Way-1355)
IA-0000152217,ModeA,PROMOTE_LOCATION,HCPF,0bSVB000001DEML2A4,Regis F Acosta (40 Fuld St Ste 301-8768)
IA-0000152223,ModeA,PROMOTE_LOCATION,HCPF,0bSVB000001DEW12AO,(5267 PERDIDO DR-7105)
IA-0000152224,ModeA,PROMOTE_LOCATION,HCPF,0bSVB000001DEXd2AO,RWJBH Primary Care Services(101 Old Short Hills Rd Ste 106-1544)
IA-0000152241,ModeA,PROMOTE_LOCATION,HCPF,0bSVB000001DEZF2A4,Adam s Choice (14 Market Pl-9769)
IA-0000152245,ModeA,PROMOTE_LOCATION,HCPF,0bSVB000001DEcT2AW,Jersey Shore Podiatric Assoc (PO Box 191-6585)
IA-0000152264,ModeA,SKIP,,,ambiguous: 17 locations, 17 usable - primary is a business decision
IA-0000152381,ModeA,PROMOTE_LOCATION,HCPF,0bSVB000001DG9d2AG,Abington Hospital Physicians(268 Dr Martin Luther King Jr Blvd-5000)
IA-0000152406,ModeA,SKIP,,,ambiguous: 1 locations, 0 usable - primary is a business decision
IA-0000153066,ModeB,SKIP,,,primary location not pending or no Primary/Practice address
IA-0000153120,ModeA,PROMOTE_LOCATION,HCPF,0bSVB000001DLpF2AW,ADAM J LANKFORD DDS PLLC (1 Delahunty Dr # 2-2252)
IA-0000153257,ModeA,PROMOTE_LOCATION,HCPF,0bSVB000001DMF32AO,A Path to Healing LLC(4551 BLACK HORSE PIKE  ROUTE 42-9905)
IA-0000153356,ModeA,PROMOTE_LOCATION,HCPF,0bSVB000001DNZJ2A4,A And A Chiropractic (1578 State Route 23 Ste 103-3777)
