IA_Name,Mode
IA-0000011362,ModeA_NoPrimaryLocation
IA-0000012112,ModeA_NoPrimaryLocation
IA-0000012649,ModeA_NoPrimaryLocation
IA-0000015095,ModeA_NoPrimaryLocation
IA-0000015115,ModeA_NoPrimaryLocation
IA-0000015122,ModeA_NoPrimaryLocation
IA-0000015968,ModeA_NoPrimaryLocation
IA-0000016172,ModeA_NoPrimaryLocation
IA-0000021009,ModeA_NoPrimaryLocation
IA-0000021064,ModeA_NoPrimaryLocation
IA-0000022216,ModeA_NoPrimaryLocation
IA-0000022739,ModeA_NoPrimaryLocation
IA-0000022756,ModeA_NoPrimaryLocation
IA-0000023072,ModeA_NoPrimaryLocation
IA-0000023328,ModeA_NoPrimaryLocation
IA-0000023643,ModeA_NoPrimaryLocation
IA-0000023823,ModeA_NoPrimaryLocation
IA-0000023824,ModeA_NoPrimaryLocation
IA-0000023949,ModeA_NoPrimaryLocation
IA-0000024698,ModeA_NoPrimaryLocation
IA-0000025739,ModeA_NoPrimaryLocation
IA-0000030425,ModeA_NoPrimaryLocation
IA-0000032223,ModeA_NoPrimaryLocation
IA-0000033480,ModeA_NoPrimaryLocation
IA-0000039986,ModeA_NoPrimaryLocation
IA-0000052252,ModeA_NoPrimaryLocation
IA-0000056332,ModeB_AddressNotActiveOrPending
IA-0000056336,ModeA_NoPrimaryLocation
IA-0000061003,ModeA_NoPrimaryLocation
IA-0000061004,ModeA_NoPrimaryLocation
IA-0000061006,ModeA_NoPrimaryLocation
IA-0000061021,ModeA_NoPrimaryLocation
IA-0000065286,ModeA_NoPrimaryLocation
IA-0000076311,ModeB_AddressNotActiveOrPending
IA-0000078880,ModeB_AddressNotActiveOrPending
IA-0000079490,ModeA_NoPrimaryLocation
IA-0000081066,ModeB_AddressNotActiveOrPending
IA-0000082507,ModeB_AddressNotActiveOrPending
IA-0000082913,ModeA_NoPrimaryLocation
IA-0000082943,ModeA_NoPrimaryLocation
IA-0000083177,ModeA_NoPrimaryLocation
IA-0000085317,ModeA_NoPrimaryLocation
IA-0000086650,ModeA_NoPrimaryLocation
IA-0000089065,ModeA_NoPrimaryLocation
IA-0000089209,ModeA_NoPrimaryLocation
IA-0000090843,ModeA_NoPrimaryLocation
IA-0000091040,ModeB_AddressNotActiveOrPending
IA-0000092309,ModeB_AddressNotActiveOrPending
IA-0000096122,ModeA_NoPrimaryLocation
IA-0000101389,ModeB_AddressNotActiveOrPending
IA-0000101959,ModeB_AddressNotActiveOrPending
IA-0000106685,ModeB_AddressNotActiveOrPending
IA-0000106868,ModeB_AddressNotActiveOrPending
IA-0000107947,ModeA_NoPrimaryLocation
IA-0000108031,ModeB_AddressNotActiveOrPending
IA-0000109946,ModeB_AddressNotActiveOrPending
IA-0000114461,ModeB_AddressNotActiveOrPending
IA-0000114731,ModeB_AddressNotActiveOrPending
IA-0000114989,ModeA_NoPrimaryLocation
IA-0000115390,ModeA_NoPrimaryLocation
IA-0000116440,ModeB_AddressNotActiveOrPending
IA-0000116451,ModeB_AddressNotActiveOrPending
IA-0000116462,ModeB_AddressNotActiveOrPending
IA-0000116470,ModeB_AddressNotActiveOrPending
IA-0000116505,ModeB_AddressNotActiveOrPending
IA-0000118537,ModeB_AddressNotActiveOrPending
IA-0000118684,ModeA_NoPrimaryLocation
IA-0000119168,ModeB_AddressNotActiveOrPending
IA-0000120665,ModeA_NoPrimaryLocation
IA-0000120781,ModeB_AddressNotActiveOrPending
IA-0000120879,ModeA_NoPrimaryLocation
IA-0000121416,ModeA_NoPrimaryLocation
IA-0000121681,ModeA_NoPrimaryLocation
IA-0000122017,ModeA_NoPrimaryLocation
IA-0000122710,ModeB_AddressNotActiveOrPending
IA-0000122989,ModeA_NoPrimaryLocation
IA-0000123320,ModeA_NoPrimaryLocation
IA-0000123793,ModeA_NoPrimaryLocation
IA-0000124112,ModeB_AddressNotActiveOrPending
IA-0000124524,ModeB_AddressNotActiveOrPending
IA-0000126192,ModeA_NoPrimaryLocation
IA-0000126960,ModeA_NoPrimaryLocation
IA-0000126987,ModeB_AddressNotActiveOrPending
IA-0000127178,ModeB_AddressNotActiveOrPending
IA-0000127462,ModeA_NoPrimaryLocation
IA-0000128902,ModeA_NoPrimaryLocation
IA-0000128983,ModeA_NoPrimaryLocation
IA-0000129854,ModeA_NoPrimaryLocation
IA-0000129927,ModeA_NoPrimaryLocation
IA-0000130463,ModeB_AddressNotActiveOrPending
IA-0000131122,ModeA_NoPrimaryLocation
IA-0000132242,ModeB_AddressNotActiveOrPending
IA-0000132500,ModeB_AddressNotActiveOrPending
IA-0000132619,ModeB_AddressNotActiveOrPending
IA-0000133477,ModeA_NoPrimaryLocation
IA-0000133506,ModeB_AddressNotActiveOrPending
IA-0000134007,ModeB_AddressNotActiveOrPending
IA-0000134021,ModeA_NoPrimaryLocation
IA-0000134739,ModeB_AddressNotActiveOrPending
IA-0000135167,ModeB_AddressNotActiveOrPending
IA-0000135693,ModeB_AddressNotActiveOrPending
IA-0000135997,ModeB_AddressNotActiveOrPending
IA-0000137780,ModeB_AddressNotActiveOrPending
IA-0000138057,ModeA_NoPrimaryLocation
IA-0000138945,ModeA_NoPrimaryLocation
IA-0000139924,ModeB_AddressNotActiveOrPending
IA-0000139982,ModeB_AddressNotActiveOrPending
IA-0000139992,ModeB_AddressNotActiveOrPending
IA-0000140139,ModeB_AddressNotActiveOrPending
IA-0000141538,ModeB_AddressNotActiveOrPending
IA-0000141614,ModeB_AddressNotActiveOrPending
IA-0000141829,ModeA_NoPrimaryLocation
IA-0000142127,ModeB_AddressNotActiveOrPending
IA-0000142129,ModeB_AddressNotActiveOrPending
IA-0000142648,ModeB_AddressNotActiveOrPending
IA-0000142867,ModeB_AddressNotActiveOrPending
IA-0000142982,ModeB_AddressNotActiveOrPending
IA-0000143754,ModeB_AddressNotActiveOrPending
IA-0000143766,ModeA_NoPrimaryLocation
IA-0000143869,ModeA_NoPrimaryLocation
IA-0000143897,ModeB_AddressNotActiveOrPending
IA-0000144196,ModeB_AddressNotActiveOrPending
IA-0000144310,ModeA_NoPrimaryLocation
IA-0000144335,ModeA_NoPrimaryLocation
IA-0000144336,ModeB_AddressNotActiveOrPending
IA-0000144545,ModeB_AddressNotActiveOrPending
IA-0000144658,ModeB_AddressNotActiveOrPending
IA-0000144674,ModeB_AddressNotActiveOrPending
IA-0000144773,ModeB_AddressNotActiveOrPending
IA-0000144782,ModeB_AddressNotActiveOrPending
IA-0000144804,ModeB_AddressNotActiveOrPending
IA-0000144807,ModeA_NoPrimaryLocation
IA-0000144876,ModeA_NoPrimaryLocation
IA-0000144883,ModeB_AddressNotActiveOrPending
IA-0000145410,ModeB_AddressNotActiveOrPending
IA-0000145561,ModeB_AddressNotActiveOrPending
IA-0000145607,ModeA_NoPrimaryLocation
IA-0000145646,ModeB_AddressNotActiveOrPending
IA-0000145964,ModeA_NoPrimaryLocation
IA-0000145974,ModeB_AddressNotActiveOrPending
IA-0000146032,ModeB_AddressNotActiveOrPending
IA-0000146126,ModeB_AddressNotActiveOrPending
IA-0000146152,ModeB_AddressNotActiveOrPending
IA-0000146154,ModeB_AddressNotActiveOrPending
IA-0000146156,ModeB_AddressNotActiveOrPending
IA-0000146158,ModeB_AddressNotActiveOrPending
IA-0000146212,ModeB_AddressNotActiveOrPending
IA-0000146213,ModeB_AddressNotActiveOrPending
IA-0000146216,ModeB_AddressNotActiveOrPending
IA-0000146217,ModeB_AddressNotActiveOrPending
IA-0000146220,ModeB_AddressNotActiveOrPending
IA-0000146224,ModeB_AddressNotActiveOrPending
IA-0000146278,ModeB_AddressNotActiveOrPending
IA-0000146281,ModeB_AddressNotActiveOrPending
IA-0000146286,ModeB_AddressNotActiveOrPending
IA-0000146874,ModeB_AddressNotActiveOrPending
IA-0000147011,ModeA_NoPrimaryLocation
IA-0000147026,ModeB_AddressNotActiveOrPending
IA-0000147041,ModeB_AddressNotActiveOrPending
IA-0000147092,ModeA_NoPrimaryLocation
IA-0000147196,ModeB_AddressNotActiveOrPending
IA-0000147215,ModeB_AddressNotActiveOrPending
IA-0000147236,ModeB_AddressNotActiveOrPending
IA-0000147312,ModeA_NoPrimaryLocation
IA-0000147369,ModeB_AddressNotActiveOrPending
IA-0000147386,ModeB_AddressNotActiveOrPending
IA-0000147407,ModeB_AddressNotActiveOrPending
IA-0000147414,ModeA_NoPrimaryLocation
IA-0000147416,ModeB_AddressNotActiveOrPending
IA-0000147597,ModeB_AddressNotActiveOrPending
IA-0000147609,ModeB_AddressNotActiveOrPending
IA-0000147612,ModeB_AddressNotActiveOrPending
IA-0000147936,ModeB_AddressNotActiveOrPending
IA-0000148061,ModeB_AddressNotActiveOrPending
IA-0000148111,ModeB_AddressNotActiveOrPending
IA-0000148133,ModeB_AddressNotActiveOrPending
IA-0000148273,ModeB_AddressNotActiveOrPending
IA-0000148330,ModeA_NoPrimaryLocation
IA-0000148418,ModeB_AddressNotActiveOrPending
IA-0000148494,ModeB_AddressNotActiveOrPending
IA-0000148508,ModeB_AddressNotActiveOrPending
IA-0000148541,ModeB_AddressNotActiveOrPending
IA-0000148582,ModeB_AddressNotActiveOrPending
IA-0000148586,ModeB_AddressNotActiveOrPending
IA-0000148656,ModeA_NoPrimaryLocation
IA-0000148719,ModeB_AddressNotActiveOrPending
IA-0000148746,ModeA_NoPrimaryLocation
IA-0000148760,ModeB_AddressNotActiveOrPending
IA-0000149042,ModeB_AddressNotActiveOrPending
IA-0000149121,ModeB_AddressNotActiveOrPending
IA-0000149124,ModeB_AddressNotActiveOrPending
IA-0000149168,ModeB_AddressNotActiveOrPending
IA-0000149947,ModeB_AddressNotActiveOrPending
IA-0000149968,ModeB_AddressNotActiveOrPending
IA-0000149975,ModeB_AddressNotActiveOrPending
IA-0000150148,ModeB_AddressNotActiveOrPending
IA-0000150180,ModeB_AddressNotActiveOrPending
IA-0000150242,ModeB_AddressNotActiveOrPending
IA-0000150300,ModeA_NoPrimaryLocation
IA-0000150352,ModeB_AddressNotActiveOrPending
IA-0000150649,ModeA_NoPrimaryLocation
IA-0000150656,ModeA_NoPrimaryLocation
IA-0000151720,ModeA_NoPrimaryLocation
IA-0000151797,ModeA_NoPrimaryLocation
IA-0000151838,ModeB_AddressNotActiveOrPending
IA-0000151848,ModeA_NoPrimaryLocation
IA-0000151911,ModeA_NoPrimaryLocation
IA-0000151926,ModeA_NoPrimaryLocation
IA-0000151934,ModeA_NoPrimaryLocation
IA-0000151956,ModeA_NoPrimaryLocation
IA-0000151957,ModeA_NoPrimaryLocation
IA-0000151978,ModeB_AddressNotActiveOrPending
IA-0000152025,ModeA_NoPrimaryLocation
IA-0000152067,ModeA_NoPrimaryLocation
IA-0000152094,ModeA_NoPrimaryLocation
IA-0000152095,ModeB_AddressNotActiveOrPending
IA-0000152106,ModeA_NoPrimaryLocation
IA-0000152107,ModeA_NoPrimaryLocation
IA-0000152135,ModeA_NoPrimaryLocation
IA-0000152138,ModeA_NoPrimaryLocation
IA-0000152179,ModeA_NoPrimaryLocation
IA-0000152181,ModeA_NoPrimaryLocation
IA-0000152217,ModeA_NoPrimaryLocation
IA-0000152223,ModeA_NoPrimaryLocation
IA-0000152224,ModeA_NoPrimaryLocation
IA-0000152241,ModeA_NoPrimaryLocation
IA-0000152245,ModeA_NoPrimaryLocation
IA-0000152264,ModeA_NoPrimaryLocation
IA-0000152381,ModeA_NoPrimaryLocation
IA-0000152406,ModeA_NoPrimaryLocation
IA-0000153066,ModeB_AddressNotActiveOrPending
IA-0000153120,ModeA_NoPrimaryLocation
IA-0000153257,ModeA_NoPrimaryLocation
IA-0000153356,ModeA_NoPrimaryLocation
